id,email,phone,country_code,age
1,john.doe@example.com,1234567890,US,25
2,jane.doe@example.com,2345678901,CA,30
3,bob.smith@example.com,3456789012,GB,22
4,alice.jones@example.com,4567890123,AU,28
5,charlie.brown@example.com,5678901234,IN,35
6,eve.adams@example.com,6789012345,US,27
7,mike.johnson@example.com,7890123456,CA,32
8,susan.wilson@example.com,8901234567,GB,24
9,paul.martin@example.com,9012345678,AU,29
10,lisa.moore@example.com,0123456789,IN,31
11,jack.white@example.com,1234567890,US,26
12,emma.harris@example.com,2345678901,CA,33
13,oliver.thomas@example.com,3456789012,GB,21
14,ava.lee@example.com,4567890123,AU,30
15,william.walker@example.com,5678901234,IN,34
16,sofia.hall@example.com,6789012345,US,23
17,james.allen@example.com,7890123456,CA,28
18,amelia.young@example.com,8901234567,GB,27
19,benjamin.king@example.com,9012345678,AU,32
20,harper.wright@example.com,0123456789,IN,29
21,daniel.scott@example.com,1234567890,US,24
22,ella.green@example.com,2345678901,CA,31
23,logan.baker@example.com,3456789012,GB,26
24,grace.carter@example.com,4567890123,AU,33
25,henry.mitchell@example.com,5678901234,IN,22
26,chloe.perez@example.com,6789012345,US,28
27,sebastian.roberts@example.com,7890123456,CA,35
28,zoe.turner@example.com,8901234567,GB,25
29,alexander.phillips@example.com,9012345678,AU,30
30,scarlett.campbell@example.com,0123456789,IN,27
31,liam.parker@example.com,1234567890,US,29
32,emily.evans@example.com,2345678901,CA,32
33,noah.edwards@example.com,3456789012,GB,23
34,abigail.collins@example.com,4567890123,AU,31
35,mason.stewart@example.com,5678901234,IN,28
36,ella.sanchez@example.com,6789012345,US,26
37,logan.morris@example.com,7890123456,CA,34
38,avery.rogers@example.com,8901234567,GB,22
39,ethan.reed@example.com,9012345678,AU,29
40,sofia.cook@example.com,0123456789,IN,33
41,jacob.morgan@example.com,1234567890,US,25
42,amelia.bell@example.com,2345678901,CA,30
43,elijah.murphy@example.com,3456789012,GB,27
44,harper.bailey@example.com,4567890123,AU,32
45,oliver.cooper@example.com,5678901234,IN,24
46,ava.richardson@example.com,6789012345,US,31
47,william.cox@example.com,7890123456,CA,28
48,emma.howard@example.com,8901234567,GB,34
49,james.ward@example.com,9012345678,AU,23
50,sofia.torres@example.com,0123456789,IN,30
51,benjamin.peterson@example.com,1234567890,US,26
52,amelia.gray@example.com,2345678901,CA,33
53,logan.ramirez@example.com,3456789012,GB,21
54,grace.james@example.com,4567890123,AU,29
55,henry.watson@example.com,5678901234,IN,32
56,chloe.brooks@example.com,6789012345,US,27
57,sebastian.kelly@example.com,7890123456,CA,25
58,zoe.sanders@example.com,8901234567,GB,30
59,alexander.price@example.com,9012345678,AU,28
60,scarlett.bennett@example.com,0123456789,IN,34
61,liam.wood@example.com,1234567890,US,22
62,emily.barnes@example.com,2345678901,CA,31
63,noah.ross@example.com,3456789012,GB,26
64,abigail.henderson@example.com,4567890123,AU,33
65,mason.coleman@example.com,5678901234,IN,24
66,ella.jenkins@example.com,6789012345,US,29
67,logan.perry@example.com,7890123456,CA,32
68,avery.powell@example.com,8901234567,GB,23
69,ethan.long@example.com,9012345678,AU,31
70,sofia.patterson@example.com,0123456789,IN,28
71,jacob.hughes@example.com,1234567890,US,27
72,amelia.flores@example.com,2345678901,CA,34
73,elijah.washington@example.com,3456789012,GB,22
74,harper.butler@example.com,4567890123,AU,30
75,oliver.simmons@example.com,5678901234,IN,25
76,ava.foster@example.com,6789012345,US,32
77,william.gonzales@example.com,7890123456,CA,29
78,emma.bryant@example.com,8901234567,GB,33
79,james.alexander@example.com,9012345678,AU,24
80,sofia.russell@example.com,0123456789,IN,31
81,benjamin.griffin@example.com,1234567890,US,28
82,amelia.diaz@example.com,2345678901,CA,26
83,logan.hayes@example.com,3456789012,GB,30
84,grace.myers@example.com,4567890123,AU,27
85,henry.ford@example.com,5678901234,IN,34
86,chloe.hamilton@example.com,6789012345,US,23
87,sebastian.graham@example.com,7890123456,CA,31
88,zoe.sullivan@example.com,8901234567,GB,25
89,alexander.wallace@example.com,9012345678,AU,32
90,scarlett.woods@example.com,0123456789,IN,29
91,liam.cole@example.com,1234567890,US,24
92,emily.west@example.com,2345678901,CA,33
93,noah.jordan@example.com,3456789012,GB,28
94,abigail.owens@example.com,4567890123,AU,26
95,mason.reynolds@example.com,5678901234,IN,30
96,ella.fisher@example.com,6789012345,US,27
97,logan.ellis@example.com,7890123456,CA,34
98,avery.harrison@example.com,8901234567,GB,22
99,ethan.gibson@example.com,9012345678,AU,31
100,sofia.mcdonald@example.com,0123456789,IN,25
101,george.miller@example.com,2345678901,CA,45
102,anna.wilson@example.com,3456789012,GB,42
103,robert.moore@example.com,4567890123,AU,47
104,laura.taylor@example.com,5678901234,IN,44
105,thomas.anderson@example.com,6789012345,US,41
106,patricia.thomas@example.com,7890123456,CA,43
107,mark.jackson@example.com,8901234567,GB,46
108,barbara.white@example.com,9012345678,AU,48
109,steven.harris@example.com,0123456789,IN,49
110,elizabeth.martin@example.com,1234567890,US,50
111,kevin.lee@example.com,2345678901,CA,16
112,olivia.walker@example.com,3456789012,GB,17
113,ryan.hall@example.com,4567890123,AU,15
114,emma.allen@example.com,5678901234,IN,14
115,daniel.young@example.com,6789012345,US,13
116,grace.king@example.com,7890123456,CA,12
117,liam.wright@example.com,8901234567,GB,11
118,ava.scott@example.com,9012345678,AU,10
119,noah.green@example.com,0123456789,IN,9
120,ella.baker@example.com,1234567890,US,8